timeStamp,elapsed,label,responseCode,responseMessage,threadName,dataType,success,failureMessage,bytes,sentBytes,grpThreads,allThreads,URL,Latency,IdleTime,Connect
1626103684603,1458,CreateBooking,200,OK,Thread Group 1-1,text,true,,435,420,10,10,https://restful-booker.herokuapp.com/booking,1454,0,1208
1626103684747,1314,CreateBooking,200,OK,Thread Group 1-3,text,true,,435,420,10,10,https://restful-booker.herokuapp.com/booking,1314,0,1068
1626103684843,1217,CreateBooking,200,OK,Thread Group 1-4,text,true,,435,420,10,10,https://restful-booker.herokuapp.com/booking,1212,0,972
1626103684642,1427,CreateBooking,200,OK,Thread Group 1-2,text,true,,435,420,10,10,https://restful-booker.herokuapp.com/booking,1427,0,1179
1626103684941,1198,CreateBooking,200,OK,Thread Group 1-5,text,true,,435,420,10,10,https://restful-booker.herokuapp.com/booking,1198,0,962
1626103685141,1168,CreateBooking,200,OK,Thread Group 1-7,text,true,,435,420,10,10,https://restful-booker.herokuapp.com/booking,1168,0,935
1626103685243,1148,CreateBooking,200,OK,Thread Group 1-8,text,true,,435,420,10,10,https://restful-booker.herokuapp.com/booking,1147,0,921
1626103685041,1451,CreateBooking,200,OK,Thread Group 1-6,text,true,,435,420,10,10,https://restful-booker.herokuapp.com/booking,1450,0,1214
1626103685337,1204,CreateBooking,200,OK,Thread Group 1-9,text,true,,435,420,10,10,https://restful-booker.herokuapp.com/booking,1204,0,966
1626103685437,1176,CreateBooking,200,OK,Thread Group 1-10,text,true,,435,420,10,10,https://restful-booker.herokuapp.com/booking,1176,0,945
1626103686062,1164,GetToken,200,OK,Thread Group 1-1,text,true,,266,231,10,10,https://restful-booker.herokuapp.com/auth,1164,0,935
1626103686063,1160,GetToken,200,OK,Thread Group 1-4,text,true,,266,231,10,10,https://restful-booker.herokuapp.com/auth,1159,0,928
1626103686063,1159,GetToken,200,OK,Thread Group 1-3,text,true,,266,231,10,10,https://restful-booker.herokuapp.com/auth,1159,0,928
1626103686070,1219,GetToken,200,OK,Thread Group 1-2,text,true,,266,231,10,10,https://restful-booker.herokuapp.com/auth,1219,0,982
1626103686140,1165,GetToken,200,OK,Thread Group 1-5,text,true,,266,231,10,10,https://restful-booker.herokuapp.com/auth,1164,0,934
1626103686310,1175,GetToken,200,OK,Thread Group 1-7,text,true,,266,231,10,10,https://restful-booker.herokuapp.com/auth,1174,0,944
1626103686391,1215,GetToken,200,OK,Thread Group 1-8,text,true,,266,231,10,10,https://restful-booker.herokuapp.com/auth,1214,0,980
1626103686493,1178,GetToken,200,OK,Thread Group 1-6,text,true,,266,231,10,10,https://restful-booker.herokuapp.com/auth,1178,0,948
1626103686542,1150,GetToken,200,OK,Thread Group 1-9,text,true,,266,231,10,10,https://restful-booker.herokuapp.com/auth,1149,0,920
1626103686613,1178,GetToken,200,OK,Thread Group 1-10,text,true,,266,231,10,10,https://restful-booker.herokuapp.com/auth,1178,0,947
1626103687250,1182,ModifyData,200,OK,Thread Group 1-4,text,true,,409,413,10,10,https://restful-booker.herokuapp.com/booking/4,1181,0,942
1626103687250,1207,ModifyData,200,OK,Thread Group 1-3,text,true,,409,413,9,9,https://restful-booker.herokuapp.com/booking/3,1207,0,950
1626103687250,1210,ModifyData,200,OK,Thread Group 1-1,text,true,,409,413,8,8,https://restful-booker.herokuapp.com/booking/1,1209,0,968
1626103687291,1196,ModifyData,200,OK,Thread Group 1-2,text,true,,409,413,7,7,https://restful-booker.herokuapp.com/booking/2,1196,0,960
1626103687306,1216,ModifyData,200,OK,Thread Group 1-5,text,true,,409,413,6,6,https://restful-booker.herokuapp.com/booking/5,1215,0,972
1626103687486,1144,ModifyData,200,OK,Thread Group 1-7,text,true,,409,413,5,5,https://restful-booker.herokuapp.com/booking/7,1144,0,920
1626103687607,1208,ModifyData,200,OK,Thread Group 1-8,text,true,,409,413,4,4,https://restful-booker.herokuapp.com/booking/8,1207,0,972
1626103687672,1169,ModifyData,200,OK,Thread Group 1-6,text,true,,409,413,3,3,https://restful-booker.herokuapp.com/booking/6,1169,0,939
1626103687693,1169,ModifyData,200,OK,Thread Group 1-9,text,true,,409,413,2,2,https://restful-booker.herokuapp.com/booking/9,1169,0,935
1626103687792,1185,ModifyData,200,OK,Thread Group 1-10,text,true,,410,415,1,1,https://restful-booker.herokuapp.com/booking/10,1184,0,949
